{
    "Abu Dhabi Grand Prix": [24.46722, 54.60306],
    "Australian Grand Prix": [-37.84972, 144.96833],
    "Austrian Grand Prix": [47.22304, 14.75787],
    "Azerbaijan Grand Prix": [40.37250, 49.85333],
    "Bahrain Grand Prix": [26.03250, 50.51056],
    "Belgian Grand Prix": [50.43722, 5.97139],
    "British Grand Prix": [52.07327, -1.01482],
    "Canadian Grand Prix": [45.50350, -73.52270],
    "Chinese Grand Prix": [31.33889, 121.21972],
    "Dutch Grand Prix": [52.38889, 4.54083],
    "Emilia Romagna Grand Prix": [44.35306, 11.71472],
    "Hungarian Grand Prix": [47.58171, 19.25055],
    "Italian Grand Prix": [45.62056, 9.28944],
    "Japanese Grand Prix": [34.83920, 136.53770],
    "Las Vegas Grand Prix": [36.10168, -115.16049],
    "Mexico City Grand Prix": [19.40447, -99.14512], 
    "Miami Grand Prix": [25.95800, -80.23800],         
    "Monaco Grand Prix": [43.73475, 7.42061],
    "Qatar Grand Prix": [25.39714, 51.54944],        
    "Saudi Arabian Grand Prix": [21.63333, 39.10417],
    "Singapore Grand Prix": [1.29100, 103.86400],
    "Spanish Grand Prix": [41.57000, 2.26100],
    "São Paulo Grand Prix": [-23.70361, -46.69944]
  }
  